{"cameraMode":{"drawMode":0,"name":"Shaded","section":"Shading Mode"},"sceneLighting":true,"audioPlay":false,"sceneViewState":{"m_AlwaysRefresh":false,"showFog":true,"showSkybox":true,"showFlares":true,"showImageEffects":true,"showParticleSystems":true,"showVisualEffectGraphs":true,"m_FxEnabled":true},"in2DMode":false,"pivot":{"x":-0.3759671151638031,"y":3.892888307571411,"z":-53.00087356567383},"rotation":{"x":0.018306097015738488,"y":0.017990997061133386,"z":-0.0003230534784961492,"w":0.9996944069862366},"size":0.1440768986940384,"orthographic":false}